{
  "bloomz_1b1": 0.571536462633764,
  "bloomz_1b7": 0.7689297497193556,
  "bloomz_3b": 0.7997187035341737,
  "bloomz_560m": 0.6238266902945088,
  "flan_t5_xl": 0.8577867859241,
  "flan_t5_large": 0.8301815165252122,
  "t0_3b": 0.6244122502911348,
  "tk_instruct_3b_def": 0.4676106465108584,
  "mt0_large": 0.6136365028824101,
  "mt0_base": 0.5682019429632185,
  "mt0_small": 0.4955156437347837,
  "mt0_xl": 0.8191663366254069,
  "chatgpt": 0.9720940014274793
}