{"Bleu_1": 0.6520194446143962, "Bleu_2": 0.475646608287441, "Bleu_3": 0.33477136222647136, "Bleu_4": 0.2394128648272607, "METEOR": 0.2717267821164443, "ROUGE_L": 0.48799067775900734, "CIDEr": 1.3655315742917427, "SPICE": 0.2810838203725868}