{
  "Bleu_1": 0.18919139702404528,
  "Bleu_2": 0.10127331218857365,
  "Bleu_3": 0.05930781555800748,
  "Bleu_4": 0.03549759806320156,
  "METEOR": 0.132064615478197,
  "ROUGE_L": 0.23565210614379062,
  "CIDEr": 0.6214376976977494,
  "SPICE": 0.36595553670998526
}