{"Bleu_1": 0.21100593453069783, "Bleu_2": 0.10867274619869002, "Bleu_3": 0.06134643409198726, "Bleu_4": 0.03411695253040483, "METEOR": 0.14092893117669664, "ROUGE_L": 0.23981387656065245, "CIDEr": 0.6972871807217766, "SPICE": 0.3654063329419615}