{"Bleu_1": 0.6870255917059781, "Bleu_2": 0.50313267399583, "Bleu_3": 0.3596888703192991, "Bleu_4": 0.26250267252475357, "METEOR": 0.28955829727869253, "ROUGE_L": 0.5078311124205874, "CIDEr": 1.4821901134270228, "SPICE": 0.2933039595812138}