{"Bleu_1": 0.28146829494586034, "Bleu_2": 0.15201978383878018, "Bleu_3": 0.08961585451078416, "Bleu_4": 0.05403108530566106, "METEOR": 0.17199570113286358, "ROUGE_L": 0.2721131153272403, "CIDEr": 0.9652991192395154, "SPICE": 0.4077697126739646}