{"Bleu_1": 0.2546698786645404, "Bleu_2": 0.137847926596365, "Bleu_3": 0.08151241739218854, "Bleu_4": 0.050036060947703985, "METEOR": 0.1623411973415781, "ROUGE_L": 0.2634805094167937, "CIDEr": 0.8846524796257661, "SPICE": 0.39926636366930746}