{"Bleu_1": 0.7537331001757483, "Bleu_2": 0.5879151880448902, "Bleu_3": 0.4496350499427846, "Bleu_4": 0.3470965470445726, "METEOR": 0.32808959219862954, "ROUGE_L": 0.5735476057005847, "CIDEr": 1.7769846267075464, "SPICE": 0.32934777271457083}