{"Bleu_1": 0.6821398731831168, "Bleu_2": 0.5101156680376496, "Bleu_3": 0.366677209855488, "Bleu_4": 0.2687449851731453, "METEOR": 0.2882885801332438, "ROUGE_L": 0.5159329330953457, "CIDEr": 1.483088494073593, "SPICE": 0.2926085728682954, "googlerouge2": 0.35318816628823363, "googlerougeL": 0.5846600747944435}