{
  "Bleu_1": 0.7863534082486532,
  "Bleu_2": 0.627904853106941,
  "Bleu_3": 0.49395636135504684,
  "Bleu_4": 0.3915195647141003,
  "METEOR": 0.34454794416195084,
  "ROUGE_L": 0.595602584795117,
  "CIDEr": 1.9065281589327892,
  "SPICE": 0.3439904284283997,
  "googlerouge2": 0.45563348499520784,
  "googlerougeL": 0.659179518599864
}