{
  "Bleu_1": 0.634753908034743,
  "Bleu_2": 0.46227858214412465,
  "Bleu_3": 0.32867095126071516,
  "Bleu_4": 0.24047633599859275,
  "METEOR": 0.2644649875114957,
  "ROUGE_L": 0.4939587902259117,
  "CIDEr": 1.3526783019608397,
  "SPICE": 0.27590374936151696,
  "googlerouge2": 0.3112800918474692,
  "googlerougeL": 0.5604126809958625,
  "original_CIDEr": 1.6411738215340945,
  "original_CIDErD": 1.3526783019608397
}