{
  "Bleu_1": 0.5720804967456743,
  "Bleu_2": 0.40380923328017176,
  "Bleu_3": 0.28168618957149594,
  "Bleu_4": 0.19894087596582027,
  "METEOR": 0.285569497312371,
  "ROUGE_L": 0.4570356127091437,
  "CIDEr": 1.190778354762619,
  "SPICE": 0.2582398308196047,
  "googlerouge2": 0.33791380327023696,
  "googlerougeL": 0.49109090644358133
}