{"Bleu_1": 0.7499313431197393, "Bleu_2": 0.5799850837911183, "Bleu_3": 0.44051094871916546, "Bleu_4": 0.3398854177729545, "METEOR": 0.3320761094954137, "ROUGE_L": 0.5678031100108746, "CIDEr": 1.7501870145950569, "SPICE": 0.3375342585372419, "googlerouge2": 0.43146190308111665, "googlerougeL": 0.6385737591097411}