{
  "Bleu_1": 0.7404826820154761,
  "Bleu_2": 0.5657984328082492,
  "Bleu_3": 0.42309075692668374,
  "Bleu_4": 0.3211915405727159,
  "METEOR": 0.3236001964377248,
  "ROUGE_L": 0.5554946859320825,
  "CIDEr": 1.724716986018159,
  "SPICE": 0.33326946528502266,
  "googlerouge2": 0.41286967750000747,
  "googlerougeL": 0.6231328361544198
}