{"Bleu_1": 0.6629119324480757, "Bleu_2": 0.4864253936340548, "Bleu_3": 0.3382787213487555, "Bleu_4": 0.2381731062183575, "METEOR": 0.27730077983916923, "ROUGE_L": 0.5081887551482649, "CIDEr": 1.394769075926454, "SPICE": 0.29058841316180967, "googlerouge2": 0.3337077475928693, "googlerougeL": 0.5818753664109232}