{
  "Bleu_1": 0.5455919197334442,
  "Bleu_2": 0.3796300854240196,
  "Bleu_3": 0.24794199160165714,
  "Bleu_4": 0.16322960138735984,
  "METEOR": 0.22129265422320127,
  "ROUGE_L": 0.4429320228221855,
  "CIDEr": 0.9835194523410451,
  "SPICE": 0.23500198516341678,
  "googlerouge2": 0.2502746148274137,
  "googlerougeL": 0.5134568658600172,
  "original_CIDEr": 1.5264246303155988,
  "original_CIDErD": 0.9835194523410451
}