{
  "Bleu_1": 0.7562537588888294,
  "Bleu_2": 0.582516490823905,
  "Bleu_3": 0.4366073449021258,
  "Bleu_4": 0.3313888725516724,
  "METEOR": 0.31694074199873434,
  "ROUGE_L": 0.5602503434383065,
  "CIDEr": 1.7494442455556396,
  "SPICE": 0.32894618902221334,
  "googlerouge2": 0.4070875484396189,
  "googlerougeL": 0.6298630710761888,
  "original_CIDEr": 2.002050055869618,
  "original_CIDErD": 1.7494442455556396
}