{"Bleu_1": 0.6332488436445569, "Bleu_2": 0.45615723972546207, "Bleu_3": 0.3092522709436266, "Bleu_4": 0.21159389794386574, "METEOR": 0.26298869882307946, "ROUGE_L": 0.4918704890142788, "CIDEr": 1.2911895950995544, "SPICE": 0.2792495405411832}