{
  "Bleu_1": 0.6958289557873419,
  "Bleu_2": 0.5270428684526235,
  "Bleu_3": 0.3913846589741985,
  "Bleu_4": 0.2958495975111774,
  "METEOR": 0.30085216732581443,
  "ROUGE_L": 0.5266540682369274,
  "CIDEr": 1.5319947593045506,
  "SPICE": 0.31012030326765244,
  "googlerouge2": 0.3776757464415877,
  "googlerougeL": 0.5931115446207186,
  "original_CIDEr": 1.7643378869011608,
  "original_CIDErD": 1.5319947593045506
}