{"Bleu_1": 0.6958289557873419, "Bleu_2": 0.5270428684526235, "Bleu_3": 0.3913846589741985, "Bleu_4": 0.2958495975111774, "METEOR": 0.30085216732581443, "ROUGE_L": 0.5266540682369274, "CIDEr": 1.5319947593045506, "SPICE": 0.31012030326765244}