{
  "Bleu_1": 0.5002337572441925,
  "Bleu_2": 0.3665198424590986,
  "Bleu_3": 0.25738812715921533,
  "Bleu_4": 0.18247364731098153,
  "METEOR": 0.21345144723763548,
  "ROUGE_L": 0.41484432615214195,
  "CIDEr": 0.988982757765633,
  "SPICE": 0.20206688892389163,
  "googlerouge2": 0.24562750184706073,
  "googlerougeL": 0.4733295727938332,
  "original_CIDEr": 1.346836137570485,
  "original_CIDErD": 0.988982757765633
}