{
  "bloomz_1b1": 0.7629999999999998,
  "bloomz_1b7": 0.9014999999999996,
  "bloomz_3b": 0.9284999999999998,
  "bloomz_560m": 0.7909999999999995,
  "flan_t5_xl": 0.9549999999999997,
  "flan_t5_large": 0.9264999999999997,
  "t0_3b": 0.8369999999999996,
  "tk_instruct_3b_def": 0.616,
  "mt0_large": 0.8249999999999996,
  "mt0_base": 0.7704999999999997,
  "mt0_small": 0.6450000000000001,
  "mt0_xl": 0.944,
  "chatgpt": 0.9709999999999998
}