{
  "bloomz_1b1": 0.7604999999999998,
  "bloomz_1b7": 0.9094999999999999,
  "bloomz_3b": 0.9484999999999998,
  "bloomz_560m": 0.8349999999999997,
  "flan_t5_xl": 0.9569999999999999,
  "flan_t5_large": 0.948,
  "t0_3b": 0.8554999999999998,
  "tk_instruct_3b_def": 0.6519999999999999,
  "mt0_large": 0.8434999999999997,
  "mt0_base": 0.7739999999999998,
  "mt0_small": 0.6829999999999999,
  "mt0_xl": 0.9689999999999998,
  "chatgpt": 0.971
}