{
  "Bleu_1": 0.1491488781256317,
  "Bleu_2": 0.07633196217220509,
  "Bleu_3": 0.043564937669939754,
  "Bleu_4": 0.0254756227429122,
  "METEOR": 0.11507116522565168,
  "ROUGE_L": 0.2182685352685644,
  "CIDEr": 0.467154164354745,
  "SPICE": 0.3341029862568992
}