{
  "Bleu_1": 0.5268952709424602,
  "Bleu_2": 0.3649422464798565,
  "Bleu_3": 0.25151896429861426,
  "Bleu_4": 0.1760876920282712,
  "METEOR": 0.28403658781547925,
  "ROUGE_L": 0.44261702247501566,
  "CIDEr": 1.0500742278155213,
  "SPICE": 0.2547685096287615
}