{"Bleu_1": 0.30183679170952765, "Bleu_2": 0.16256481004405826, "Bleu_3": 0.09566303319340819, "Bleu_4": 0.05774063114042606, "METEOR": 0.1782326923849601, "ROUGE_L": 0.27252343626949727, "CIDEr": 0.9901749179286111, "SPICE": 0.408765463743639}