{
  "Bleu_1": 0.2366389413725564,
  "Bleu_2": 0.12497128913473522,
  "Bleu_3": 0.07294699951197428,
  "Bleu_4": 0.04386256497980789,
  "METEOR": 0.14583391809268445,
  "ROUGE_L": 0.24876961937235836,
  "CIDEr": 0.7428507410801527,
  "SPICE": 0.3737187598307963
}