{
  "Bleu_1": 0.6990264292320589,
  "Bleu_2": 0.5095419055326208,
  "Bleu_3": 0.3646726936370755,
  "Bleu_4": 0.26599197383734924,
  "METEOR": 0.2987519508067955,
  "ROUGE_L": 0.5124565632307534,
  "CIDEr": 1.5101367159783348,
  "SPICE": 0.3063863002469354
}