{
  "Bleu_1": 0.21290156323939477,
  "Bleu_2": 0.11275345851461539,
  "Bleu_3": 0.06485044970542345,
  "Bleu_4": 0.038696429274175895,
  "METEOR": 0.13947834951283758,
  "ROUGE_L": 0.24424508225230004,
  "CIDEr": 0.6942790555178528,
  "SPICE": 0.37309680156833186
}