{"Bleu_1": 0.5795468206773248, "Bleu_2": 0.40334212326443825, "Bleu_3": 0.2699096045578951, "Bleu_4": 0.1875709686271656, "METEOR": 0.23712852993216438, "ROUGE_L": 0.4476395883552503, "CIDEr": 1.111989512360279, "SPICE": 0.23898495964166758}